Id,Predicted
4038,0
574,0
5619,0
14713,0
21449,0
10100,0
18202,0
11598,0
4162,0
29094,0
28009,1
6794,0
23130,0
18294,0
12767,1
13693,0
2326,1
10529,0
29574,1
2600,0
2852,0
17561,0
5951,0
5647,0
8054,0
21926,0
28515,0
4662,1
9163,0
4529,1
17287,0
25972,0
24448,0
16819,1
28199,0
3371,0
23589,0
29681,0
12254,0
28277,0
14615,0
21002,0
3889,0
8275,0
6291,1
17306,0
3350,0
29299,1
3515,1
4642,0
2357,0
4561,0
565,0
12146,0
13473,0
19001,0
29583,0
10297,0
4021,0
13513,0
11647,0
7900,0
20460,0
20366,1
15070,0
28359,0
3420,0
24399,0
18875,0
13837,1
7608,0
26295,0
8101,0
22394,0
26753,1
13549,1
4202,0
27416,0
13263,0
23033,1
4697,0
27830,1
7198,0
3492,0
14418,0
11071,0
29805,0
29923,0
14887,1
1287,0
24883,1
3135,0
12195,0
29930,1
18515,0
28246,1
16841,0
20859,1
13589,0
22898,1
14445,1
11781,0
26985,0
22656,0
28285,1
13310,0
28068,0
4313,0
19918,1
18281,1
24271,0
2783,0
18975,0
13032,0
9909,1
16053,1
13355,0
20748,0
8888,0
24687,0
7169,0
26350,0
15245,0
2273,0
18715,0
23996,0
18988,0
20367,0
2379,0
9326,0
1061,0
8173,0
13229,0
11171,0
7119,0
5099,1
4671,0
18947,0
9539,0
29493,0
27070,0
9339,0
17129,0
20461,1
6012,0
16345,0
25518,0
4508,0
8375,0
22516,1
29362,0
27262,0
22189,0
13353,0
9015,0
28196,0
3437,0
6860,1
12104,1
25101,0
8893,1
2932,0
4775,0
15443,0
10941,0
1625,1
25661,0
29654,0
4015,0
184,1
27215,0
1582,0
2022,0
23850,0
24981,1
19468,0
19387,0
26717,0
3177,0
17642,0
5253,0
10897,0
12564,1
9233,1
9029,0
13460,0
18426,1
25438,0
28110,0
14409,0
25625,0
17078,1
5282,0
16583,0
10942,0
24566,1
25666,1
19070,0
12171,1
9599,1
5653,1
1870,0
12057,0
26738,0
23517,0
2678,0
18349,0
9031,1
6779,0
6711,1
28980,1
26689,0
25635,0
1152,0
11087,0
27935,0
20279,0
6778,0
21520,0
15380,0
5894,0
29533,0
22069,0
10732,0
15796,0
12175,0
4092,0
8818,0
9933,0
27362,0
19177,0
22459,0
19947,0
1255,1
1119,0
9513,1
26852,0
14416,0
359,1
17344,0
20335,0
4257,0
10810,0
6658,0
24325,0
764,1
17915,0
12795,0
27980,0
19850,0
23479,0
16025,0
19380,1
5003,1
6239,0
26635,0
21126,0
28912,0
22685,1
27606,0
21006,0
26923,0
19517,0
22617,0
7039,0
27927,0
22058,0
11011,0
4821,0
2529,0
21279,0
10469,0
9782,0
14446,0
23364,0
15609,0
29595,0
1386,0
15621,0
2558,0
4888,1
2515,0
24097,1
5292,0
9578,0
9940,0
8906,1
19917,0
5435,1
19721,0
9829,0
14284,1
2186,1
6352,0
7556,0
25085,1
28849,0
16171,0
9142,0
17676,0
11245,0
26230,1
6228,0
12159,1
7916,0
21827,1
18550,1
17304,1
17366,0
26589,0
27745,1
28682,0
27278,0
29200,0
15786,0
17975,0
3155,0
18194,1
23573,0
25161,0
18513,0
8479,0
314,0
6368,1
29221,1
19384,1
13316,0
25843,1
26140,1
13732,0
11362,0
8325,0
9187,0
5853,0
13043,0
25845,0
29607,0
7153,0
2402,0
15090,0
23165,0
15059,0
16727,1
19166,0
11515,0
25969,0
20168,0
10726,1
123,0
16730,0
12494,0
4757,0
20838,0
25250,0
28632,1
22210,0
7819,0
21237,0
2276,0
15491,1
3211,0
17569,0
18094,0
26026,0
12864,0
11651,0
8495,0
8870,0
851,0
1296,0
14561,1
28432,0
26353,0
11145,0
6207,0
20805,0
19623,0
21107,1
9693,0
13171,0
21491,0
11007,0
9175,0
12820,0
3679,0
25397,1
20633,0
14622,0
20282,1
28985,1
16270,1
23514,0
13286,0
25387,0
10981,0
23155,0
15718,1
8590,0
17228,0
24398,0
27185,0
22630,0
361,0
9516,0
16317,0
7159,1
12359,0
28256,0
20498,0
2221,1
27508,1
12093,0
20039,0
13584,0
27145,0
19855,0
27961,0
9673,1
9901,0
12975,0
19376,1
10567,0
8698,0
26945,0
13379,0
15658,1
9651,0
13084,1
4803,0
22224,1
1250,0
18527,0
9060,0
22463,1
27750,0
7157,0
22972,0
26920,0
8884,0
4106,0
27486,0
10630,0
3230,0
13912,0
22374,0
8436,0
24137,0
3754,1
16653,0
20529,0
4231,1
6375,0
25107,0
26125,0
15282,1
2213,0
9236,0
6644,0
25779,0
6761,1
21605,0
8759,1
14543,0
1841,0
3161,0
29075,1
20236,0
14822,1
13958,1
7339,0
8696,0
19432,0
25992,0
12754,0
2462,0
1454,1
19965,0
16368,0
356,1
25407,0
13383,0
25296,0
21957,0
21994,0
14787,0
25159,1
18262,1
20846,0
10474,1
24584,0
19142,0
11204,0
14106,0
4727,0
15178,1
14008,0
8011,0
24161,1
27164,0
5088,0
17514,1
17994,1
21044,1
12402,0
14453,1
23478,0
16403,0
27202,0
24269,0
1677,0
1742,0
9830,1
10817,0
15218,0
22510,0
17062,0
9189,0
20069,0
10997,1
23196,0
7920,0
29788,0
29189,0
14160,0
11882,0
3010,0
28188,0
10998,0
12703,0
15979,0
29938,0
3234,0
348,0
22185,0
6888,1
4575,0
10895,0
10006,0
5011,0
18062,0
19008,0
29852,0
8694,0
14396,0
14251,1
15394,1
20200,0
25421,0
17532,0
247,0
5596,1
15250,0
278,0
21083,0
3783,0
1859,0
10527,1
14420,0
11490,0
19394,0
28187,0
102,0
27651,0
20022,0
1089,0
26959,1
18175,1
4320,0
17938,0
10384,0
19457,0
27033,0
15733,0
17911,0
13502,0
9861,0
3309,0
3614,0
3375,0
21822,0
22758,0
2380,0
26166,0
2667,0
12231,0
2454,0
17131,0
2090,0
29308,0
16591,0
28318,1
29808,0
8284,0
2433,0
24696,0
75,0
21322,0
2404,0
17481,0
25307,0
15036,1
4387,0
1165,0
24733,0
25207,0
11868,0
26649,0
3847,0
14241,0
4851,0
1104,0
25946,0
9635,0
7105,0
6530,0
28546,0
26089,0
14019,0
1247,0
66,0
3833,0
3930,1
23795,0
6087,0
15402,1
22641,0
15336,0
13370,1
19625,0
18252,0
3232,0
29149,0
23879,1
27032,0
5343,0
13039,1
5201,0
7571,0
1758,0
8550,1
2194,0
8282,0
25495,1
6764,0
9910,1
24977,0
3648,0
10624,0
3172,0
19172,1
16619,1
26045,0
21268,0
18826,0
8123,0
11687,0
2565,1
17978,0
11702,0
21476,0
20375,1
28648,0
2012,0
16678,0
28885,0
2299,1
18520,0
4870,0
7024,1
5668,1
12960,0
1406,0
18447,0
10931,0
27889,0
6295,1
22931,0
15785,0
23270,0
8838,0
7645,1
6464,0
7298,1
10047,0
13987,0
26907,0
4833,0
17836,1
4719,0
25479,1
3055,0
18731,1
19368,1
880,0
23711,0
6857,0
9173,0
17558,0
26805,1
3727,0
21312,0
24699,0
28808,0
14158,0
2424,1
13557,0
25215,0
17089,1
14335,1
8754,1
23194,0
14973,0
26099,0
321,0
3362,0
1960,0
18839,0
6425,0
17726,0
13921,0
7063,0
21799,0
9350,0
26677,1
18261,1
4491,0
25535,1
26515,0
27850,0
12405,1
1747,0
24375,0
23808,0
4649,1
29305,0
10968,0
17467,0
26797,0
28787,0
8047,0
12854,0
9579,1
11112,0
18481,1
4107,0
197,0
2465,0
12444,0
3746,1
28745,1
28812,0
4324,0
6419,0
106,0
18886,0
14491,0
20530,1
24813,1
17981,0
13594,0
20491,0
5604,0
26288,0
186,0
23983,1
12421,0
5437,0
10252,0
7075,0
7038,0
8010,0
28819,0
10158,0
21749,0
3321,0
14057,0
19195,0
2551,0
8514,0
7984,0
24653,0
421,0
8064,0
21960,0
12436,1
951,0
23180,0
7971,1
11290,0
27685,0
6890,0
9036,0
20455,0
23912,0
5720,0
15593,0
21114,0
1389,0
715,0
21997,1
24409,0
28840,0
20856,1
7329,0
2098,1
20940,1
20234,0
3380,0
9452,0
22255,0
13566,0
19083,0
23624,0
22786,0
25693,0
488,0
13628,0
23877,0
27426,0
9366,1
680,0
15721,0
4887,1
2834,0
1353,0
19053,1
21845,1
9097,0
27458,0
14033,0
3275,1
29690,0
14714,0
8153,1
4886,1
7586,1
3499,0
11483,1
4181,0
12570,0
10128,1
2908,0
27506,0
15511,1
1493,0
17076,1
27489,0
2246,1
17744,0
125,0
28560,0
27400,0
14629,0
14764,0
2506,0
13350,0
16937,1
26751,0
6250,0
18141,0
20467,0
12950,1
15122,1
29907,0
10538,0
26590,0
18023,1
10835,0
17474,0
22447,0
16578,1
16003,0
29278,0
13782,0
27310,0
10761,0
3748,0
7007,1
24655,1
14258,0
22887,0
19355,0
2017,0
7255,0
9393,1
13637,0
5617,1
19168,0
26461,0
3681,0
9639,0
9724,0
15013,0
2840,0
6244,0
15848,0
27946,0
24340,1
5156,0
20365,0
4066,0
2480,1
24356,1
11843,1
15242,0
24138,0
14998,0
7349,0
24602,0
6360,0
465,1
5004,1
5502,1
20788,0
6100,0
10382,1
21853,0
16364,0
21936,0
28380,0
16125,0
15844,0
54,1
29225,0
19957,0
25203,1
7333,0
9079,0
13616,0
12362,1
16297,1
14636,0
24293,0
27469,0
1479,0
17193,0
1947,0
26618,0
22739,0
22721,1
13,0
25394,0
18711,0
26048,1
13086,1
17257,1
16490,1
12350,1
22659,0
18013,0
8240,0
29502,0
6914,0
8178,0
19799,0
20932,0
14874,0
5614,1
27666,0
13686,0
6603,0
16471,0
28620,0
1568,0
13814,0
8142,0
27376,0
29561,0
10188,1
18264,1
27441,0
3198,0
21099,0
23802,0
21778,0
15943,0
18708,0
29925,1
7743,0
22039,0
23791,0
4944,1
17711,0
11255,0
6773,0
4,0
13345,0
20177,0
16063,0
12393,0
15716,1
21218,1
26143,0
1138,1
15516,0
16379,1
28839,0
23652,1
10113,0
18496,0
10951,0
6831,0
18268,0
3708,0
11232,0
15582,0
9190,1
7928,0
10843,0
27166,0
8682,0
23267,0
5330,0
23210,0
16359,0
15710,0
29602,0
17702,0
15645,1
2216,1
19176,0
25627,0
18956,1
6273,1
8929,0
949,0
3647,0
315,0
776,0
25492,0
2145,0
274,0
19861,1
18926,0
23617,0
20264,1
17679,0
17959,1
13170,0
23475,0
2274,0
26578,0
3467,0
12337,1
5438,0
10398,1
23604,0
11392,0
22518,0
29889,0
16470,0
3779,1
7099,1
22307,1
10972,0
17784,0
19074,0
19769,1
18621,0
21308,0
28296,0
9864,0
6380,0
8837,1
10256,0
5852,0
5578,0
10490,0
8639,0
450,1
14465,0
18954,0
13718,0
21906,0
13494,0
6046,0
28655,0
26390,0
423,0
23281,0
4413,0
5689,1
27594,0
24766,0
12397,0
3025,1
8083,0
23949,0
20848,0
9897,0
13393,0
2047,1
8406,0
10058,0
23026,0
24884,0
24569,0
7953,0
1769,1
2280,0
29079,1
19014,0
9564,0
7636,0
9683,0
481,0
19107,0
12443,0
967,0
21609,0
12670,0
24214,0
28758,0
13694,0
21224,1
25780,0
15365,0
3369,1
13878,1
22125,0
19349,0
27531,0
11518,0
24829,0
7922,1
16228,0
16928,0
24684,0
3985,0
8801,0
5952,0
20923,0
18930,0
28684,0
11636,0
11737,1
22622,0
14071,0
14145,0
13415,0
13453,0
18003,1
10629,0
23660,0
15734,0
4049,0
24402,1
8707,1
13597,0
10039,0
4809,0
1398,0
8472,0
24636,0
13106,0
29378,1
4305,0
7943,0
26218,0
4047,0
21489,0
21121,0
26306,0
14328,0
21216,0
15369,0
23787,1
9373,0
13052,0
27909,0
18001,0
27921,1
28120,0
16206,0
20473,0
24925,0
24028,0
15827,1
20480,0
20756,1
9726,1
9711,1
18319,0
21270,0
9110,1
11233,0
23537,0
17244,0
15892,0
11859,0
20139,0
28329,0
13268,1
5436,0
25200,0
14853,0
943,0
10792,1
12290,0
24698,0
8130,0
13847,0
2287,0
19127,1
8813,0
22774,0
21350,1
6520,0
21618,1
19640,0
11311,0
20342,1
9222,0
4925,0
9703,0
23722,0
4745,0
7205,0
1891,0
27985,0
4261,0
13852,0
13501,0
20019,0
6685,0
10887,0
27578,0
23105,0
18303,0
14096,1
7436,0
18946,0
24682,0
28650,0
24798,1
19663,0
13975,0
14642,0
18507,0
23023,0
7945,0
12948,0
1902,1
8167,1
25904,0
19095,0
6320,0
22650,0
10720,1
9780,0
18247,1
19494,0
28629,0
27321,0
24484,0
7507,0
24833,0
3859,0
25596,0
16418,0
21211,0
17118,0
11352,1
20432,0
18553,0
2921,0
26440,0
24882,0
16731,0
267,0
7397,0
13936,0
5123,0
11614,0
4635,0
29174,0
16634,0
27706,0
14813,0
26910,0
3509,0
16094,0
6936,0
9613,1
11720,0
28136,0
2517,0
22023,0
645,0
1396,0
17096,1
21705,0
6933,0
4150,0
7868,0
16017,0
6146,0
19981,0
12775,0
3188,0
10217,1
13069,0
28838,0
24980,0
10395,0
2629,0
21487,0
8416,0
7360,0
14296,0
4645,1
7492,0
11287,1
14462,1
9854,0
6462,0
28336,1
17841,0
24107,1
5493,0
21042,1
13684,0
5306,0
15613,1
28350,0
1481,0
11494,0
17188,0
9959,0
29175,0
23828,0
12527,0
12217,0
12572,0
8742,0
7372,0
13397,0
21820,0
26766,1
18360,0
6885,0
11341,1
25529,0
10798,0
28221,0
7192,0
17799,1
1550,0
7244,0
28101,0
19936,0
25516,0
1607,0
6008,1
29484,0
3320,0
26490,0
8381,0
5965,0
13317,0
7904,0
29491,0
16012,0
2805,0
3986,0
11110,1
8035,0
8866,0
18571,1
2163,0
20016,1
22597,0
1414,0
21461,0
6757,0
20632,0
21051,1
9240,0
13700,0
29262,1
9964,0
27774,1
2116,0
10729,0
12130,0
9113,0
10120,1
25363,1
2623,0
24503,0
7596,0
29876,0
18842,0
3851,0
7956,1
2531,0
16811,0
13264,0
19043,0
92,0
8231,0
21306,0
6699,1
27148,1
6010,0
10808,0
11301,0
1186,0
9072,1
28168,0
14844,1
5595,0
5008,1
18366,0
7628,1
22554,0
22051,0
10847,0
9929,0
25153,1
5597,0
9332,0
1912,0
27862,0
29916,1
5889,0
20528,0
23274,1
13282,0
23777,0
10249,0
27250,0
6470,0
9617,0
5568,0
19562,0
29592,0
21210,1
17942,0
3730,0
26576,0
3032,0
26761,0
2396,0
22385,0
3916,0
9377,0
250,1
13813,0
13117,0
14116,0
17299,1
7572,1
13797,0
25733,0
16205,1
14350,1
17281,0
5684,1
21933,0
2367,0
18838,1
6246,0
1037,0
3669,0
3478,0
7470,1
3778,1
10253,0
18140,0
5535,0
27008,0
25880,1
10342,0
13915,0
14991,0
25035,0
12457,0
5714,1
6572,0
27273,0
12117,0
10651,0
20308,1
29981,0
3000,0
29833,0
2304,1
25724,1
19682,0
17470,0
22235,1
19603,0
3035,0
15826,0
5418,0
7889,0
27805,0
1904,0
13662,1
16404,1
6412,1
10172,0
25415,0
2681,0
17,0
12567,0
5616,0
28089,0
5624,0
17175,0
28972,0
28949,0
29288,0
9581,1
14712,0
14104,0
21075,0
27639,0
1455,1
20652,1
15994,0
25729,0
2709,0
10184,0
27396,1
22393,0
7230,0
18197,0
2923,0
5054,0
10381,0
17487,0
6385,1
12462,1
16129,0
5202,0
3314,0
15075,0
29229,0
8095,0
19424,0
21542,0
17872,0
7774,0
10063,0
11727,1
26142,0
21323,0
1076,0
2790,0
13540,1
18762,0
5450,0
24992,1
15747,1
23234,0
10923,1
23716,0
24692,0
8726,0
22568,0
15709,1
1630,0
23981,0
25909,1
16355,0
10341,0
132,0
13021,0
24505,1
25877,0
22451,0
24865,0
1853,0
28983,0
6443,0
11217,0
12695,0
29459,0
803,1
20755,0
24530,0
28114,0
17924,0
16313,0
14131,0
9106,0
25364,0
15537,0
8463,0
9511,1
15891,0
5610,0
20183,0
12262,1
27361,0
13681,0
20155,1
1939,1
16244,0
24334,0
15460,0
6742,0
25923,0
1058,0
15219,0
13995,0
15493,0
16438,0
27028,0
19004,0
370,0
28908,0
14082,0
2701,0
793,0
19152,0
8868,0
26491,0
10605,1
9869,0
744,1
11470,0
29521,0
29349,0
13630,1
11235,0
19054,0
18722,0
19840,0
17065,1
24339,1
24378,0
3632,0
8239,0
27335,1
28152,0
3213,0
11516,0
6597,0
20634,0
25691,1
17948,0
25262,0
10116,0
24228,0
9915,0
5529,0
16784,0
7441,0
5818,0
9306,0
10644,0
4929,1
26611,1
286,0
7740,0
14564,0
26184,0
11455,1
4804,0
25417,0
11386,0
13659,0
28471,0
14359,0
28633,0
3934,0
5763,1
16236,0
24201,1
19279,0
3231,0
514,0
29650,0
20475,1
27022,0
25045,0
24787,0
19541,0
25494,0
13996,0
945,0
14890,1
16679,0
9525,0
23170,1
20191,1
6013,1
2539,0
16401,0
21771,1
17854,0
20997,0
19272,1
17579,0
23715,0
3990,0
17964,0
9293,1
4499,0
1518,0
20771,1
15256,0
11154,0
12147,0
28091,0
761,0
11041,1
20520,0
13999,0
17941,0
24928,0
11938,0
24260,1
29173,0
4078,1
29819,0
8702,0
19492,0
20337,1
13343,0
5319,0
15894,0
9465,0
15373,1
7864,0
4607,0
26032,0
28268,1
28364,0
24704,1
27799,0
9632,0
20230,1
15564,1
15731,0
4740,0
27078,0
22276,0
7937,0
16930,0
16042,1
17222,0
25852,0
22118,0
27255,1
2271,0
27732,0
21764,0
4594,0
12203,0
13833,1
6386,0
15849,0
4474,0
23153,0
8389,0
9485,0
18381,0
11385,0
9755,0
5015,0
23840,0
28750,0
26028,0
5170,0
8825,1
17192,0
25257,0
26826,0
23042,0
1674,0
7282,0
4259,1
10224,0
14551,0
19230,0
29090,0
17578,0
19657,0
27759,0
22806,0
14868,0
28402,0
6141,1
28726,0
8395,1
21808,0
11420,0
8443,0
16642,0
12976,1
987,0
2997,0
1692,0
13448,0
11814,0
29294,0
28722,1
25390,0
18635,1
25386,0
28088,0
17923,0
9103,0
29142,0
15936,0
23067,0
27911,0
742,0
14812,0
16908,1
27858,0
19608,0
2262,0
688,1
18111,0
1588,0
5340,0
4019,0
16808,0
5591,0
25376,0
24762,1
29508,0
27476,0
8076,0
2362,0
22055,0
5367,0
342,0
26221,1
6758,0
17127,0
24174,0
7077,0
20948,0
10421,0
17639,1
16926,0
4536,0
14338,0
14978,0
14378,0
6461,1
3102,0
10574,1
10414,0
5173,1
9153,0
21490,1
27863,0
26688,0
13820,0
10360,0
16757,1
22001,0
25789,0
12966,1
461,0
10920,0
25423,0
3183,0
17849,0
8646,0
20218,0
12039,0
4303,1
28144,1
1637,0
17815,0
24582,1
7123,0
20871,0
11786,0
12558,0
11768,1
28521,0
25484,1
24553,0
3116,0
14770,0
20648,0
29003,0
8189,1
3480,1
7367,1
18609,1
13839,1
24054,0
24400,0
3580,0
29940,0
6351,0
6940,0
2427,0
29911,1
24920,0
25419,0
26626,0
17973,0
308,0
2756,1
8078,0
9680,0
7597,0
20802,0
26570,1
28777,0
23697,0
21701,0
23066,1
703,0
23146,1
12985,1
21767,0
25478,0
20470,0
2419,0
756,1
14322,0
8343,0
12086,0
19090,0
7040,0
25868,0
23,0
11683,0
16083,0
2640,0
20580,0
17643,0
15436,0
21261,0
25292,0
28390,0
12954,0
10358,0
27245,0
11496,0
15297,0
17988,0
23031,0
23207,0
3128,0
21057,0
29667,1
335,0
3922,0
10635,1
28981,1
9231,0
26667,0
12220,0
29245,0
831,0
9725,0
8491,0
17307,0
1276,0
28113,0
1199,0
2337,0
27372,0
12342,0
344,0
16399,0
22161,0
8919,1
787,1
11083,0
3976,0
4987,0
10908,0
11709,1
155,0
5989,0
11928,1
7375,0
26248,1
6512,0
5987,0
406,0
22598,0
10832,0
12081,0
23350,1
15423,0
7209,0
26978,0
9201,0
7191,0
14039,1
22820,0
27619,0
3223,0
12635,1
25528,0
21426,0
14155,1
1661,0
9881,0
2292,0
29338,0
20576,0
5949,1
29622,0
1271,0
2814,0
12192,1
14599,0
166,0
18438,0
9068,0
15068,0
27684,1
25051,1
8892,1
10325,1
21235,0
6762,1
22594,0
414,0
25295,0
6694,0
10174,1
5324,0
4666,0
10142,0
5677,1
26895,1
26573,0
25273,0
8221,1
9778,0
28587,1
27939,0
23269,1
12310,0
22166,0
27251,0
17717,0
15103,0
11115,0
28489,0
14852,0
21213,0
29169,0
12015,0
6316,0
28825,0
24374,0
12170,0
6253,0
19903,0
11602,0
16761,0
19241,0
26512,0
9814,0
23937,0
6697,0
22532,0
26557,1
17464,0
18402,0
7769,0
24763,0
28864,0
9404,1
17459,0
28266,0
10573,0
17658,1
6071,0
8368,0
10540,1
18494,1
13252,0
657,0
29303,0
17440,0
17736,0
29448,0
27937,0
19680,0
10453,0
3271,0
9033,0
26147,0
18557,0
23563,0
2211,0
27249,0
266,0
29487,0
4770,1
26451,0
7822,0
7975,0
17009,1
27941,0
8982,0
16574,0
14957,1
24235,0
23447,0
1906,0
23640,0
2694,0
2500,0
28087,0
8166,0
29656,1
3697,0
20886,0
14479,0
13148,0
11296,0
12638,1
26094,0
25343,0
8041,0
15572,0
28293,1
7734,1
7481,0
1892,0
9229,0
29273,0
3531,1
12058,0
16625,0
7697,1
24511,0
16849,0
20864,1
2470,0
1680,0
29582,0
29202,1
2356,0
13381,1
4459,0
27212,0
18636,0
27705,1
2202,1
12839,0
3910,0
25087,0
21944,0
2893,0
2458,0
8863,0
11817,0
15244,0
15553,0
3555,0
9921,0
26720,0
14760,0
13891,0
1532,0
23817,0
1074,0
1263,0
5741,0
12687,0
4545,1
18129,0
22613,0
27174,1
22574,0
25433,0
19647,0
27075,0
5222,0
3771,0
7370,0
5295,0
28598,0
13413,0
28539,0
17447,0
8712,0
26351,0
27257,1
23620,0
17888,0
21965,1
4039,0
15035,0
1776,0
1843,0
11567,0
9811,0
9151,0
5445,0
14412,0
24092,1
24626,1
5114,0
2240,0
11446,0
6378,1
12979,0
7140,0
15946,0
12851,0
5919,0
12686,0
13933,0
10241,0
18196,0
25994,0
25861,0
17624,0
14550,0
25008,0
25330,0
27783,0
2751,1
5830,0
6345,1
26723,0
2358,0
26091,0
23663,0
15048,0
17952,0
28294,0
6846,0
22677,0
4500,0
17217,1
9961,0
27450,0
4275,0
2212,1
1920,0
6904,1
3802,1
29960,0
5811,0
4394,0
16677,0
20865,1
6592,0
2099,0
2434,1
8913,0
12069,1
25003,0
17236,0
27274,0
19337,0
6550,0
17198,0
6448,0
6099,0
4229,0
25902,0
23887,0
24114,0
21134,0
14137,0
15108,0
4816,1
14101,0
209,0
4097,0
12593,0
6063,0
12486,0
39,0
15812,1
25,0
21669,0
28818,1
26939,1
12499,0
22856,0
12369,0
23773,0
10954,0
8004,0
8534,0
24065,1
10665,0
22343,1
29828,1
12515,0
13993,0
4328,1
13968,0
6274,1
23162,0
14330,0
19332,1
16444,0
13754,1
27859,1
1713,0
21961,0
28605,0
2690,0
1090,0
12398,0
22790,0
5809,0
9486,1
10853,0
3773,0
11885,0
23628,0
15662,0
21087,0
28616,0
10084,0
782,0
4694,0
21567,0
26009,0
12060,1
12877,0
15535,0
10383,0
16498,0
6684,1
27957,0
6206,0
1898,0
23637,0
14283,1
6665,0
21086,1
82,0
10332,0
11236,1
16264,0
1952,1
8823,0
1641,0
11565,0
27603,0
12009,1
28861,0
7895,1
13391,0
7037,0
26052,0
29160,0
7415,0
14219,0
22457,1
20447,0
27423,0
18340,0
10240,0
24970,0
4007,0
5104,0
18243,1
11162,0
20005,1
13419,0
23275,0
18895,1
14235,1
21260,0
20699,1
5069,1
18147,0
9713,0
18874,0
15056,0
6463,0
19262,1
9540,1
14170,0
10264,0
747,0
15079,0
4186,0
13688,0
18854,1
14577,0
23104,0
8487,0
18172,0
6216,0
5636,0
8999,0
10555,1
29747,0
24849,0
26059,0
27100,1
27760,0
16870,0
26429,1
28473,0
20827,1
17609,0
18198,0
14880,0
19396,0
4593,0
5503,0
24443,0
8374,0
15867,0
23061,0
25198,0
13591,0
23931,0
7917,0
12880,0
25184,0
4384,0
8058,0
1056,0
15611,0
26438,1
5176,0
21979,0
25588,1
4121,0
17092,0
9878,1
13979,0
7434,0
180,0
16957,0
2355,0
14401,1
12914,0
18848,0
11398,0
1805,0
25976,0
10083,1
20630,0
20341,1
18273,0
18646,0
12702,1
20164,0
1150,1
11058,0
4874,1
18036,1
1228,0
8484,0
13102,0
17215,0
12420,0
18743,1
20380,0
7011,0
758,0
1563,0
137,1
2360,0
398,0
11846,0
1494,0
25077,0
19658,0
4616,0
858,0
23349,0
5927,1
19400,0
28805,0
12715,0
8727,0
24683,0
25071,0
15671,0
718,0
29901,0
583,0
4862,1
13966,0
11361,0
15742,0
14333,0
27011,0
14346,0
24872,0
21326,0
26076,0
22930,0
15255,1
17914,1
18014,0
20596,0
3328,0
8650,1
2387,0
1482,0
6777,0
22187,0
25036,0
16077,0
922,0
23214,0
21743,0
10553,0
17055,0
12145,1
20519,1
21116,0
24788,0
23005,0
24036,0
903,0
20484,0
18652,0
5190,0
16704,0
22926,0
24432,1
21910,0
15414,1
2677,0
17191,0
29206,0
28040,0
28695,0
17921,0
13319,0
20877,0
7335,1
2363,0
27726,0
147,1
5398,0
21982,1
16469,0
9316,1
14049,0
2426,0
6151,0
20796,1
19440,1
8016,1
11628,0
4673,1
9062,0
25294,0
19561,0
25259,0
27109,0
22207,0
26277,0
22938,1
23754,0
10314,0
12668,0
29118,0
29136,0
995,0
19487,1
2053,0
11167,0
10633,0
29695,0
24121,1
9010,0
5808,0
16936,0
21656,1
10821,1
10679,0
4780,1
19811,0
11902,0
28074,1
16865,0
15014,0
3040,0
6960,0
25409,1
29054,0
26507,0
14784,0
19340,0
23383,0
3473,0
8156,0
9325,0
350,0
25618,0
18235,0
6173,0
463,0
17844,0
14594,0
3063,1
13402,0
16874,0
23494,0
5325,0
23613,0
4101,0
11922,0
13913,0
26678,0
21020,1
10673,0
2938,0
8309,0
22920,0
24663,0
25834,0
18078,0
23839,0
6718,0
19916,0
10641,0
8238,1
19495,0
23676,0
10898,0
22530,0
8717,0
9304,0
130,0
5797,0
14777,0
18997,0
18029,0
26078,0
15266,0
25595,1
19084,1
959,0
16707,0
10929,0
12696,0
352,0
11203,1
10944,1
22309,0
22672,0
8723,0
22718,0
26289,0
14539,1
12875,1
10218,0
29684,1
27172,0
25166,0
22545,0
23136,1
4273,0
20328,0
14845,0
24812,0
27468,1
24742,0
9509,0
16405,0
12150,0
1470,1
5137,0
4716,0
7755,0
2555,0
4969,1
4225,1
26964,0
12041,0
25957,0
14027,0
17166,0
25784,0
1508,0
5042,0
16283,1
7485,1
4198,0
19977,0
16864,0
1117,0
19831,1
16502,0
14143,0
10340,1
19375,0
26446,0
20673,1
15247,0
25441,0
19052,0
1146,0
3078,0
27963,0
25000,0
4698,0
2078,1
13436,1
23082,0
13773,0
15778,0
167,0
16538,0
13701,0
1519,0
13621,0
17262,0
22303,0
4410,0
469,0
12533,0
21570,0
18233,0
23403,0
6158,0
6654,0
15061,1
21569,0
9670,0
20219,1
12085,0
29840,0
20256,1
12575,1
4526,0
9249,1
3486,0
3725,0
11645,1
6595,1
6184,0
4155,0
20554,0
15105,0
17548,1
1035,0
27851,0
5179,0
12758,1
4388,0
14236,0
5311,0
124,0
19578,0
17647,0
25377,0
19334,0
11401,0
8038,1
25122,0
16901,0
923,0
26098,0
19588,0
4156,0
7066,0
8049,0
14305,1
14077,0
1813,0
5430,0
20184,0
6080,0
19602,1
24422,0
18922,0
11791,0
23473,0
21823,0
18990,1
19808,0
5061,1
15758,0
29170,1
14929,1
19526,0
7399,0
11528,0
15399,0
5918,0
27413,0
9759,0
26179,0
12712,1
26243,0
26299,0
25354,0
25317,1
24680,0
18611,1
17670,0
15341,0
16774,0
26610,1
10543,0
23055,0
16309,1
6988,0
18709,1
26653,0
3767,0
22653,0
11226,0
4386,0
16015,0
9506,0
19258,0
12529,0
23542,0
15488,0
26696,0
29705,0
21325,0
7416,1
14790,0
21059,0
21004,0
18,1
3566,1
29679,0
7650,1
4799,0
23486,0
11627,0
3221,0
1864,0
11842,0
1133,1
24427,1
24095,1
2222,0
21267,0
20451,0
13829,0
27865,0
21271,0
7017,0
27840,0
20841,0
10784,0
3954,0
595,0
6256,0
8489,0
14157,1
1827,0
29620,0
10222,0
18699,1
22376,0
25006,0
27472,0
21027,1
27205,1
20100,0
29127,0
15557,0
23406,1
1244,0
6843,0
6783,0
1279,1
21284,1
29793,0
5823,0
11105,0
4968,0
5353,0
1132,1
25884,0
13741,0
7735,0
16455,0
14195,1
12526,0
23579,0
13083,0
21148,1
449,0
15073,0
10078,0
22053,0
21321,0
16164,1
6542,0
17286,0
8383,1
25508,0
23216,0
12792,0
9114,0
4506,0
12652,0
18903,0
5712,1
15026,0
16824,0
20199,0
22485,0
17571,1
4079,0
3890,0
13481,0
17957,0
28217,0
13870,1
28044,1
15683,0
7867,0
29957,0
4701,0
25172,0
9547,0
19429,0
10558,0
27409,0
8125,0
22703,0
18102,0
4956,0
10762,0
5280,0
9695,0
10918,0
18841,0
27997,0
19793,0
1789,0
29163,0
12371,0
3216,0
24157,0
178,0
1326,0
4495,0
58,0
26754,0
11184,0
11818,0
13590,0
6897,0
11913,0
26791,0
19481,0
16181,0
5726,0
1458,0
4074,0
9348,0
8882,0
17792,0
9428,0
10010,0
11040,0
25916,0
1744,0
2436,0
25457,0
17370,0
27208,1
9749,0
4234,0
5053,0
14855,0
23410,1
2040,0
3253,0
14753,0
19598,0
4428,0
29416,0
5447,0
16847,1
21903,0
3724,0
19044,0
18404,0
1127,0
5167,0
12316,0
20306,0
2658,0
28379,0
10134,0
9860,0
16599,0
29103,0
3024,0
4253,0
19951,0
12955,1
14556,0
4217,0
27285,1
26437,1
13273,0
3623,0
18266,0
22110,0
22906,1
29682,0
8073,0
23423,0
10485,1
9468,0
15743,0
24160,0
10809,0
14858,1
6327,0
25736,0
1999,0
328,0
6853,0
10921,0
15852,1
24180,0
28783,0
21422,0
10516,0
15129,0
10564,0
11832,0
23633,1
3720,0
5678,0
27742,1
19288,0
3383,0
22556,0
10213,0
18702,0
18642,0
17903,0
19601,1
26860,1
23233,0
16629,0
9217,0
16832,0
17592,0
5351,0
24411,0
589,0
6967,0
12353,0
15533,0
19200,0
26276,1
185,0
3875,0
3701,0
17908,0
7266,0
21657,0
2853,0
9302,0
15204,1
20427,0
19662,0
29624,0
16975,0
23704,1
9460,1
6259,1
9867,0
7955,0
15407,0
21688,0
9048,1
16632,0
3017,0
3298,0
25141,0
22223,0
2130,0
13951,0
2974,0
7543,0
7977,0
20757,0
11603,1
6906,0
15739,0
21047,1
20705,0
13642,0
25353,1
26035,0
28132,1
11829,0
25538,0
29098,1
23664,0
2811,0
18858,1
16736,1
28883,0
17220,0
16084,0
13730,0
940,0
17363,0
28055,1
9105,0
7579,0
13725,0
23769,0
21283,0
792,1
195,0
22265,0
13752,0
26484,0
12913,1
4327,0
17917,0
6424,0
20418,0
13948,0
19923,0
3333,0
10022,0
24052,0
29318,0
9981,1
22256,0
21867,0
16690,0
24506,0
5409,0
20867,0
5305,0
12666,1
13072,1
22912,0
20624,0
10098,0
4838,0
14928,0
12448,0
19327,1
9823,0
25728,1
4707,0
27456,0
12017,0
15217,0
16674,0
7347,0
2417,0
217,0
24791,0
12945,0
22738,0
3740,0
15433,1
18186,0
5215,0
3068,0
13479,0
4373,1
28626,0
6476,0
7316,1
24834,0
16398,0
27780,0
17167,0
14026,0
17025,0
27427,0
28134,0
24715,0
15600,1
25173,0
1121,1
13377,1
7227,1
20583,0
8974,0
8822,0
5269,0
1774,1
27616,1
23495,0
9841,0
3652,0
24572,0
4482,0
15258,0
14949,0
20656,0
24725,0
2749,0
28267,1
6431,0
19847,0
168,0
10788,0
16182,0
28102,0
9652,0
25178,0
16066,0
28691,0
25013,1
1462,1
20440,0
3454,0
20959,0
3429,0
22484,1
21699,0
28056,0
28944,0
10156,0
10766,0
22292,0
26282,1
170,0
4621,0
21383,0
7646,0
10040,0
2187,1
13919,0
23944,0
6704,0
9124,0
1602,0
6858,1
9209,0
12403,0
22571,0
17664,0
29483,0
10205,0
8965,0
24434,0
21227,0
16860,0
19795,1
15098,0
7548,0
6582,0
21344,1
11978,0
16754,0
17071,0
21488,0
15978,0
9526,0
21972,0
13454,1
22353,0
13634,1
20524,0
18639,0
10850,1
1925,0
8372,1
20785,1
13863,0
2860,1
13801,1
3817,0
21402,0
1097,0
26146,0
28418,0
29302,1
9627,0
15130,0
7903,1
9392,0
3263,0
29252,0
9928,1
22573,0
22442,1
20730,0
17139,0
12870,1
28902,0
1998,1
25426,0
15752,1
15102,0
6661,1
3193,0
24831,0
22878,0
1903,0
13103,0
27180,1
8902,1
14362,1
812,1
15442,1
13972,0
18784,0
24287,0
16845,0
18260,0
6428,1
7696,0
9971,0
4406,0
7273,1
28567,0
6578,0
6118,0
3394,1
5242,0
19550,0
1652,0
5469,0
15588,1
3101,0
21899,0
25643,0
15608,0
12088,0
17825,0
12908,0
24344,0
2416,0
10369,0
18580,0
18634,0
19631,0
14450,0
11467,0
26997,0
2726,1
17507,0
19465,0
2930,0
20144,0
24934,0
873,0
16693,0
6051,1
2272,0
7504,0
29988,0
23213,0
9475,0
24071,0
12905,0
149,0
4843,0
15835,0
2795,0
4489,1
13075,0
6066,0
16759,1
1972,0
5920,0
28984,0
10003,0
5275,0
2031,0
20008,0
25467,0
27108,0
11239,0
1297,0
13737,1
28681,0
27115,0
27363,0
25762,0
11278,0
25243,0
11783,0
26297,0
8632,1
17525,1
8044,0
5389,0
5355,0
20516,0
28566,1
29254,0
15435,0
27137,0
6350,0
17618,0
10209,0
24562,0
17119,1
8136,0
11641,0
29895,0
13285,0
28265,0
3158,1
5229,0
6598,0
4828,1
29669,0
24795,0
3951,0
14392,0
11438,0
21011,0
20787,0
11098,0
27029,0
25331,1
24911,0
10871,0
14960,0
1261,0
8164,1
13521,0
19907,1
15858,0
6541,1
24716,0
2230,1
3157,0
14215,1
8527,0
10823,0
11208,0
22794,0
19362,0
4110,0
12356,0
22648,0
3039,0
18981,0
11286,0
14877,0
18432,0
11957,0
24820,0
737,0
562,0
4899,0
11344,0
12534,0
2342,0
2050,0
6986,0
27820,0
5655,0
27036,1
29730,1
19072,0
4143,0
27366,0
22943,0
20053,0
28622,0
21240,0
7062,1
26475,0
3712,0
2563,1
14649,1
5628,1
17864,0
15701,0
11921,0
25322,0
6590,0
19643,0
3603,1
8873,0
4646,0
18840,0
27076,0
18044,0
22666,0
27049,0
29975,0
24379,0
28207,0
27787,0
8208,1
20830,1
26137,0
5803,0
5022,0
6006,0
20280,0
9437,0
15772,0
21945,0
25741,0
28780,0
9172,0
23687,0
9129,0
17810,0
29879,0
1767,0
5235,1
12422,1
5487,0
5892,0
24259,0
21,0
19771,0
385,0
14717,0
18234,0
10379,0
7130,1
23320,0
10841,0
3279,0
29510,0
22896,0
2939,1
1938,0
19912,0
28731,0
16389,0
10214,1
7207,0
11534,0
26213,0
20348,0
23426,1
18245,0
15532,0
18075,0
29022,0
13016,0
8799,0
20926,1
2891,0
24786,0
17164,0
5866,1
18225,0
5140,1
6286,0
9226,1
2733,0
22825,0
9672,0
11933,0
13898,0
7231,1
5408,0
12677,0
6830,0
9535,0
28012,1
17564,0
11056,1
19403,0
2291,1
28457,0
8889,0
251,1
29066,0
13846,1
4647,0
26191,1
25980,0
11141,0
3996,0
4872,0
4940,1
12865,0
11656,0
19940,0
491,0
24468,0
20973,0
24290,0
21747,0
1675,1
29258,0
8925,0
22764,0
8541,0
7551,0
2750,0
5691,0
20522,1
28251,0
28533,1
11620,0
28376,0
15367,0
2540,1
19943,0
4368,0
13446,1
9391,0
13644,0
9148,1
15134,0
2920,0
25057,0
2994,0
1587,0
14865,0
18592,0
15202,0
9435,0
11331,0
12628,0
11482,0
3187,0
26418,1
204,0
12301,0
19260,0
25669,0
1755,1
13179,0
12753,0
6796,0
9825,0
19755,0
231,0
3573,0
9063,0
24879,1
23315,0
27869,0
8977,0
1517,0
8437,0
17047,0
5228,0
27000,0
23339,1
4773,0
17151,0
10619,0
1768,0
27475,1
16560,0
19723,0
12210,1
2902,1
5599,0
723,0
15559,0
4317,0
12238,0
20138,0
4192,0
15000,0
26548,0
22173,0
21510,1
17867,1
6432,0
8540,1
24312,1
11016,0
3070,0
15222,0
24648,0
19896,0
1865,1
27962,0
11606,0
22300,0
24199,0
24532,0
22425,0
10099,1
11414,0
13300,0
7406,0
19821,0
996,0
10687,0
17397,0
12239,0
15008,1
11939,0
2892,0
7925,0
26942,1
17252,0
23525,1
16043,0
21301,0
4268,0
5784,1
16527,0
23437,0
25636,0
27064,0
10418,0
7718,0
16613,0
12714,0
3981,0
6364,1
8901,0
19753,0
25925,0
11797,0
13723,1
6148,0
8081,0
35,0
7224,1
1709,1
26312,0
883,0
4951,0
14613,1
3571,0
20247,0
19705,1
11546,1
3241,0
29877,0
9885,0
28137,0
24139,0
9442,1
1289,1
29402,1
24016,0
12923,0
5358,0
3615,0
15802,0
14729,0
6970,0
9461,1
6283,0
20725,0
16451,1
23463,0
14671,0
22956,0
6942,1
3447,1
5824,0
21704,0
29829,0
13977,1
4844,1
7876,1
544,1
16523,0
7595,0
8099,0
16397,1
25148,1
7477,0
23456,0
14238,0
12156,0
26655,0
24048,0
14380,0
28253,0
25229,0
16286,0
28155,0
4885,0
26145,1
28171,0
1753,0
16325,0
21219,0
16887,0
9032,0
334,1
835,1
69,0
27395,0
27600,0
22248,0
26159,0
25339,0
9354,0
15580,0
16023,0
13071,0
21890,0
20268,0
15462,0
21691,1
25332,0
21519,0
13983,0
16518,0
18131,1
28807,0
20641,0
7391,0
20560,0
15568,0
9235,0
7634,0
29312,0
13750,0
24158,0
16464,1
9045,0
26134,0
12968,0
1626,0
27601,0
20919,0
4256,0
13942,1
15241,0
23503,0
29927,0
25351,1
2952,0
22066,0
2021,0
8660,1
27814,0
19818,0
4556,0
21387,1
24845,1
19470,0
9429,0
14336,1
19672,0
4432,1
2806,0
20494,0
13271,0
9140,1
19606,0
4308,1
11218,0
19777,0
4084,1
27346,0
26592,0
9858,0
20079,0
4130,1
16319,1
6728,0
22745,0
24167,0
20355,0
2401,0
6015,0
1507,1
21133,1
11974,0
8132,0
8111,0
10093,0
12991,0
11454,1
1341,0
13687,0
16072,0
26055,0
3322,0
12545,0
3008,0
435,0
14788,0
6557,0
11953,0
5938,1
12191,0
3173,1
24480,0
21750,0
23378,1
26901,1
20731,0
18984,0
8796,0
7720,0
19948,0
22388,0
10304,0
18326,1
13178,0
23076,0
12430,1
9743,0
13414,1
25688,1
15208,1
7899,0
27789,0
9423,0
3521,0
7270,0
14216,1
17044,0
3931,1
24144,0
5455,0
5254,0
24629,0
27901,1
29029,0
17715,0
24605,0
13050,0
23460,0
24805,0
3389,0
17855,0
21187,0
6909,0
12419,0
13554,0
24950,0
16503,0
17443,0
28932,1
7538,0
27570,0
10582,1
16656,0
27267,0
8634,0
19184,0
107,0
10984,1
275,1
10293,0
7686,0
22034,0
24428,1
15912,0
17833,0
4339,0
21012,0
3915,0
17475,0
14570,0
27499,0
26872,0
3033,0
24081,0
21184,1
2215,0
18765,0
21366,0
4759,0
9512,0
23951,0
10698,0
627,0
23189,0
15513,0
12161,0
2237,0
1989,0
28917,0
14698,0
16840,0
2507,0
7307,0
9001,0
8351,0
14246,0
19027,1
10024,0
14327,0
28532,0
18118,1
4213,0
27650,0
29477,0
4611,0
21703,0
28346,0
28823,1
2914,0
3254,0
1301,0
5246,0
1272,0
5611,0
7944,0
14546,1
17730,0
13007,0
25757,0
116,0
8270,0
6531,0
15904,1
21364,0
5291,0
10775,0
22877,0
2692,0
14089,0
1684,0
24187,0
28283,0
20011,0
17689,0
2948,0
28785,0
14424,1
5171,0
7870,1
16202,0
26499,1
12817,0
20140,0
10096,0
21858,0
15231,0
480,0
17263,0
14703,0
4598,0
4531,0
6359,0
18454,0
14260,0
25389,0
29735,0
6726,0
3705,0
24135,0
6687,1
2583,0
4280,0
5040,0
21113,1
25511,0
16460,0
29289,0
5844,0
8624,0
15865,1
27714,1
4041,0
26593,0
8811,1
7785,1
19514,0
18022,1
19071,0
12019,0
8519,1
21130,0
13359,0
17072,0
13914,0
27969,0
24552,0
17960,1
21730,0
13378,0
16456,0
13635,1
15116,0
10266,0
9385,1
16939,0
6655,0
22957,0
24536,0
9868,1
18031,0
2812,0
23489,0
27945,1
23092,0
10812,0
18385,0
10052,0
24708,0
5508,1
24000,0
5888,0
26789,1
9383,0
5047,0
5768,1
5901,0
17586,0
2703,0
5873,0
808,1
2911,1
22875,1
9264,0
4993,1
23465,0
11556,0
7915,0
6204,0
9238,0
15636,0
22729,0
13819,0
13046,0
14866,1
81,0
4476,0
368,0
27770,0
48,0
11708,0
11493,0
7393,0
5252,0
1889,1
3564,1
13646,0
1679,0
546,0
11285,0
3365,1
28845,1
18184,0
13427,0
29446,0
7588,0
10518,0
6968,0
19423,0
2403,0
22408,0
402,0
27265,1
27710,0
18728,0
23583,0
2164,0
575,0
16982,0
17657,0
17492,0
11601,0
10409,0
26220,0
7061,0
25707,0
17568,0
15578,0
26831,0
28448,1
14652,0
8103,0
12659,1
19593,0
19697,1
28676,0
7195,0
117,0
11673,0
9179,0
1173,1
8758,0
1162,0
18615,0
5268,0
3003,0
26820,0
13981,0
21575,0
17305,0
27024,0
9434,0
21564,1
13963,0
17241,0
25366,1
23288,0
755,0
6227,0
7694,0
26425,0
19016,1
28998,1
3005,1
9360,0
12110,0
8062,1
23301,1
5037,0
18497,0
17460,0
20629,1
12091,0
28514,0
29756,0
72,0
3050,0
10501,0
8767,0
23085,0
18890,0
24011,1
17516,0
313,0
4609,0
25319,0
7219,0
8310,0
12281,0
1049,0
28611,0
18002,0
372,0
160,0
29072,0
23015,1
22579,0
7203,0
533,0
21951,0
2300,0
1826,0
2293,1
13275,0
11849,0
19722,0
13843,0
7369,1
24681,1
10020,0
1313,1
12521,1
26372,0
3912,0
21770,0
19531,0
6344,0
29884,0
10650,0
4548,0
6706,0
6137,0
22101,1
6180,0
4108,0
18992,1
8806,1
25328,1
16853,0
28269,0
2082,1
21158,0
19853,0
23032,0
19121,0
4197,0
21632,0
20558,0
13183,0
2091,0
18959,0
28576,0
28017,0
11876,1
4938,1
3411,0
20845,1
14311,0
7239,0
6067,0
9041,0
17095,1
10207,0
8858,1
13011,1
6500,0
22205,1
4758,0
13477,1
5197,0
14199,0
29291,1
6589,0
7190,0
5485,0
9801,0
23973,0
16239,0
21484,0
26405,0
9161,0
6219,0
6587,0
13325,0
12107,0
21710,0
11173,0
10806,1
915,0
17234,0
13212,0
5715,0
29993,0
6330,0
374,0
7724,0
10044,1
4119,0
13208,0
15819,0
11609,1
23492,1
28109,0
2049,0
13470,0
14997,0
19956,0
26744,0
24090,0
21986,0
15323,0
13793,0
8718,0
443,0
1624,0
16485,1
27694,0
13934,0
23735,0
21441,0
13734,0
22826,0
23725,1
2544,0
23950,1
14347,1
24811,0
9352,1
4152,0
26066,0
11150,0
29842,0
10385,0
454,1
8531,0
28744,0
7147,1
29699,0
1137,0
23646,0
5183,1
18662,0
27773,0
1379,0
614,1
1666,0
11426,0
10751,0
3332,0
5426,0
22607,0
925,1
18038,1
3376,0
27917,0
2430,0
20258,0
25335,1
22837,1
24073,0
9653,0
26966,0
13467,1
6551,0
14899,0
9708,1
24571,1
4291,1
8575,0
5730,0
20666,0
21151,0
789,0
1315,0
23745,0
8300,0
18279,0
19388,0
25371,1
24618,1
6057,0
154,1
4166,0
477,0
19097,0
12810,1
23335,0
2992,1
11586,1
16831,0
22159,0
5835,0
19549,0
10548,0
18691,1
7225,0
19889,0
6189,0
20970,0
5419,1
8586,0
21921,0
23363,0
3122,1
20876,0
24296,0
29846,1
18568,0
25018,0
7978,0
16111,0
26175,0
11116,0
271,0
29573,1
13422,0
13153,0
1502,1
28082,1
10494,0
8545,1
10934,0
22232,1
29009,0
16198,0
6675,0
824,1
18167,0
20733,0
11063,0
22870,0
1926,1
6537,0
28781,1
6539,0
5812,0
15672,1
25269,0
28968,0
27365,0
20136,0
6615,0
21956,0
14591,0
17407,0
14323,0
20346,1
16141,0
22669,0
6040,0
8201,0
2268,0
15265,0
14567,0
18645,0
13974,0
12115,1
17759,0
15295,0
9298,0
8440,0
12852,0
12900,0
11681,0
9560,1
15356,0
7188,1
3726,1
3255,1
5323,0
11756,0
26014,0
1822,0
9926,0
20021,0
12734,1
15508,0
2698,0
9295,0
2762,0
11308,0
24559,0
27203,0
6307,0
14020,0
22214,0
14472,1
20807,0
25388,1
1798,0
16304,0
5874,0
4708,0
20246,0
25515,0
6574,0
16349,0
29457,0
16633,0
6784,0
25443,0
6978,0
12658,1
3777,1
11219,0
24472,1
5407,0
5442,0
12106,1
1969,0
21404,0
21782,0
22304,0
2289,0
12614,0
24967,0
218,0
2191,0
16621,0
3574,0
2723,0
3457,0
16153,0
2249,1
26397,0
7861,0
19895,0
28409,0
17249,0
4163,0
5018,0
6719,0
25091,1
16230,0
15550,0
15911,0
5225,0
4120,0
10709,1
6495,0
16763,0
5921,0
23040,0
24912,1
2796,0
14939,0
18640,1
22005,1
14861,0
20456,1
24947,0
2742,0
15950,0
21330,0
4893,0
21302,0
9826,1
22711,0
7912,0
29968,0
1862,1
27480,0
6507,0
26394,1
23674,0
2746,1
9872,0
10189,0
29203,0
21361,0
16100,1
5870,0
19725,0
22144,0
16561,0
3928,1
25598,0
14691,0
13160,0
18145,0
18666,0
20372,0
17357,0
9828,1
6752,0
21014,1
2331,0
17851,0
20174,0
15740,0
18010,1
1523,1
5320,0
14376,0
23747,0
8148,0
24042,0
5406,0
2798,0
23884,0
25652,0
27293,0
18960,0
8215,0
16214,1
5349,1
12656,0
29759,0
10933,0
8607,0
28321,0
1351,0
25616,0
23970,0
17285,0
341,0
14092,0
12984,0
1222,0
12428,0
13617,0
746,0
28641,0
27282,0
9853,1
23694,0
21065,0
1143,0
11538,0
19032,0
9520,0
10616,0
8571,0
6877,0
14349,0
3869,1
5321,1
29465,0
15024,0
11033,0
12073,0
20834,0
13449,0
21647,0
12396,0
20353,0
15663,0
7716,0
18764,0
15494,0
23147,0
25055,0
11404,1
650,0
22164,0
7813,0
4109,0
27731,1
4244,0
9794,0
17604,0
1012,0
2516,0
28481,1
6434,0
13373,1
16257,0
16664,1
2760,0
6456,0
17178,0
27699,0
20074,0
19547,0
8910,0
20118,0
29395,0
5786,1
13175,0
3265,0
3489,0
25662,0
15773,0
10073,0
26452,0
17033,0
1256,1
2229,0
19698,0
27291,0
1084,0
28735,0
11151,0
8428,0
16479,0
10940,1
24225,0
10412,0
4882,0
25094,0
6946,0
22798,0
17288,0
17173,1
8067,0
11475,0
16420,0
29267,1
10994,1
20095,0
16024,1
11819,1
19055,1
22662,0
15810,0
23826,1
12469,1
26951,0
18653,0
6954,1
3540,0
20004,0
26758,0
5148,0
13743,0
5034,0
29757,0
26246,0
27269,0
2244,0
11220,0
14791,1
26756,0
24055,0
24318,0
11770,0
11888,1
23917,0
21975,0
23771,0
25230,0
3781,0
22928,0
14864,0
23610,0
10515,0
10591,0
1710,0
2854,1
4184,1
12482,0
1629,0
19849,0
3925,0
2121,0
1342,0
15252,0
6132,0
15039,0
25794,0
5138,0
18048,0
10499,0
10320,0
23220,0
15408,0
22502,0
10713,1
22515,0
6560,0
5397,1
964,0
22623,0
20483,0
10845,0
23959,0
7767,1
20581,0
7901,1
532,0
7770,0
15830,0
27165,1
24521,0
26743,0
25177,0
19612,0
23427,0
21556,0
18857,0
25042,1
26336,0
24141,0
26899,1
13038,0
20589,1
12468,0
5247,0
25030,1
19622,0
19421,0
12532,1
22190,0
1147,1
25775,0
7965,0
6976,0
12108,0
4820,0
19668,0
3363,0
1393,0
7019,0
22370,1
9284,0
28843,0
8119,0
9479,0
20435,0
15905,0
13082,0
16156,1
21637,0
14834,0
19688,0
25604,0
25846,0
29101,0
13308,0
4061,0
7449,0
4125,0
6919,0
11745,0
29665,0
17549,0
6009,1
18600,1
26727,1
14425,0
14588,1
12026,0
9753,0
3557,1
22620,1
2063,0
21003,0
17645,0
10559,0
22195,0
14683,0
19264,0
7837,0
22384,0
11465,0
6263,0
1605,1
25692,1
7692,0
19737,0
5087,0
26674,0
8287,0
18603,0
2275,0
3407,0
29950,0
18740,1
24544,1
24780,0
25318,0
28631,0
22589,0
1410,0
2710,0
29454,0
4329,0
20472,1
2471,0
5189,0
5754,0
28458,1
25498,0
2835,0
2875,0
27775,0
24069,0
9546,0
29438,0
15933,0
12100,0
15348,1
25289,1
13445,1
24120,0
24550,0
28352,0
22470,0
9455,0
19458,0
8264,0
25519,0
22511,0
20260,0
29946,0
7160,1
26208,0
9056,0
12194,0
6162,0
6982,0
8788,0
9043,1
7678,0
13118,0
10233,1
24300,1
3023,0
5277,0
7100,0
20064,0
14657,0
17034,0
22419,0
5492,0
20214,0
29870,0
6306,0
24184,0
14464,0
600,0
1643,0
10105,0
24209,0
25458,0
24828,0
16921,0
19746,0
20020,0
10510,0
22681,0
21585,1
7272,0
17983,0
26654,0
1399,0
26848,0
14715,1
15201,1
16265,1
18049,0
27809,0
9500,1
10664,0
18523,0
15817,0
16157,0
5629,0
4138,0
25570,1
22966,0
17595,0
3729,0
6868,0
4764,1
15644,0
16065,0
17159,0
6646,0
16334,1
29107,1
18868,0
21646,0
15011,0
26075,0
5331,1
24860,0
22270,0
5969,0
29135,1
26540,0
27829,0
3340,1
4356,0
23734,0
14332,0
8277,1
15500,0
13514,0
2696,1
24084,0
26514,0
6371,0
28590,1
4289,1
6394,1
26025,0
10505,1
9920,0
29764,0
16990,0
8945,0
24286,0
7940,0
5010,1
25982,1
20779,1
7550,0
3670,0
18153,0
13455,0
15509,1
20025,0
13615,0
28553,1
17494,0
9144,0
1463,0
26521,0
23550,0
28080,0
19674,0
15396,0
29071,1
12304,0
20305,0
12843,0
6164,1
18239,0
1735,0
22443,0
13726,0
6103,0
1142,0
16134,1
29820,0
13459,0
12102,0
12680,0
16735,0
28254,0
11138,0
24171,0
3609,0
757,0
10676,0
24908,0
17434,1
19790,0
27378,1
14134,0
17596,0
12036,0
21737,1
18677,1
13733,0
21338,0
22178,0
3057,0
23266,0
8789,0
17039,0
1642,1
26925,0
14456,1
8391,1
24917,0
3446,0
10356,0
6861,0
23135,0
4977,0
3886,0
9796,0
26652,0
26040,1
26284,0
13363,0
23276,1
12232,0
10886,1
2009,1
27881,0
15044,0
3030,0
4913,0
17794,0
22002,0
6567,0
26454,0
26999,0
19212,1
14514,0
492,0
19238,0
16881,0
7764,0
17386,1
24230,0
93,0
17880,0
6458,1
10890,0
13327,0
14079,1
8706,1
29849,0
7511,0
22031,0
14421,1
355,1
29994,0
25272,0
17831,0
2176,0
4057,1
28381,0
26911,0
4794,0
13938,0
28261,0
14541,0
26100,0
2916,0
13104,1
28660,0
23064,1
21485,0
11366,0
7353,0
18116,0
16536,0
1408,0
4334,1
18452,0
24198,0
18037,0
6630,1
6000,1
11821,1
11160,0
17174,0
25612,0
12485,1
12188,0
19269,0
20550,0
21310,0
3744,0
29466,0
3874,0
9418,1
14226,0
29445,1
21590,1
14886,0
3203,0
20669,1
11300,1
25084,1
8441,0
3860,0
18208,0
22846,1
5096,0
5486,0
10974,1
16605,0
25685,0
7176,0
2561,0
15276,0
23670,1
21129,0
16640,0
21738,0
4792,0
6504,0
4146,0
10204,0
14295,0
2625,1
28018,0
13336,0
22311,1
9042,0
2317,0
460,0
4207,0
16941,0
5453,0
19134,1
14403,0
22412,0
1013,0
205,0
27583,0
18624,0
11810,0
26258,0
11660,0
18086,0
3820,0
21455,0
25974,0
14304,0
3554,0
7902,1
10560,0
4426,1
27122,0
3877,0
28871,0
6217,1
11140,0
28232,0
24676,0
27525,1
20750,0
4544,0
3278,1
199,0
11330,0
22996,0
818,0
1103,0
5594,1
9458,0
22970,0
21526,0
11951,0
21783,0
22477,0
24654,0
26090,1
28391,1
20104,0
14653,0
16795,0
11042,1
23371,1
22570,0
4957,1
6992,0
11866,0
13783,0
3338,0
7727,0
14994,0
24337,0
9381,0
16756,0
3215,1
4293,1
22213,0
8172,0
25382,0
29873,1
4113,0
12811,0
9321,0
7277,0
12461,0
17846,0
17390,0
25672,0
26037,0
19425,0
10313,0
14962,0
15543,0
2791,0
12122,0
8552,0
12243,1
27528,1
26594,1
11381,0
29412,1
16622,0
20091,0
23794,0
2032,0
5891,0
1526,0
13344,0
24441,0
4667,0
20908,0
10721,1
26233,0
4298,0
22180,0
11380,0
14342,0
27345,0
1172,0
20998,0
404,0
26162,0
5519,0
12439,0
22288,0
17748,0
23060,1
19138,0
1839,1
1696,0
17204,0
23086,1
28835,0
21424,0
6859,0
20076,1
543,0
27386,0
4417,1
3699,0
26779,0
21209,0
6518,0
22883,0
773,0
3788,0
22121,0
3038,0
9261,1
7149,1
26775,1
4827,0
25145,0
1861,0
18162,0
13456,0
8274,0
25014,1
16378,0
21769,0
4361,0
9319,0
1274,0
25686,0
1667,0
11273,0
14821,0
15463,1
20500,0
24824,1
10445,0
13713,1
20686,1
21653,0
13656,0
8470,1
12380,1
5341,0
13946,0
26685,0
11945,0
22769,0
24709,0
6952,1
7122,1
25767,0
24935,0
1591,0
27113,0
14431,0
24779,0
13807,1
13784,0
6717,0
240,1
7976,1
6335,0
7617,0
8122,0
12552,0
13441,0
14495,1
21603,1
27625,0
21457,1
17672,1
1023,0
12309,1
28032,0
18940,0
12602,0
11212,1
13389,0
20446,0
3940,0
9271,0
24728,0
29611,1
12924,1
7351,0
8453,0
23659,0
26658,1
28127,1
14151,1
22134,0
27326,1
1435,0
6810,0
16093,0
20543,1
6088,1
28950,0
27847,0
4235,1
14535,0
29039,0
27023,1
17499,0
497,0
2609,0
23150,0
5687,0
7549,0
13541,0
17171,0
3273,1
27565,0
3604,1
28244,1
9873,0
29710,0
26325,0
24440,0
9058,1
26468,0
10825,1
10701,1
6032,0
14736,0
28711,0
6521,1
16904,0
26788,1
28247,0
21294,0
8652,0
26196,0
8914,0
11413,0
15172,0
28963,0
15324,0
1890,1
6044,0
19466,1
8269,0
13292,1
4587,1
6238,0
2250,1
1212,0
770,0
6329,0
7318,0
4769,0
22260,0
29361,0
29076,0
10611,0
318,1
18400,0
29344,0
26603,0
27857,0
1437,0
21798,0
9974,0
23453,0
2781,0
7026,0
22217,0
18074,1
6007,0
17032,0
27074,0
17693,1
21811,0
7295,1
11629,0
5734,0
6662,0
19309,0
10829,0
23753,0
16224,0
376,0
5676,1
12525,1
14499,0
12874,0
20821,0
21041,1
21728,1
29209,1
8894,0
21290,0
20815,0
29845,0
1491,0
24874,0
18367,0
26180,0
14920,0
3042,0
21943,1
20741,1
26388,0
24577,0
22971,0
27082,0
9989,1
7305,0
208,0
27703,0
4154,0
2649,1
12760,0
4761,1
5489,0
2758,1
23097,1
27819,0
19836,0
12873,0
5420,1
20620,0
12024,0
23127,0
21533,0
11566,0
15859,1
10759,0
4798,1
20767,0
7220,0
12221,0
3556,0
11131,0
5964,0
14388,0
29330,0
19024,0
13123,0
1762,1
22728,0
23592,0
21127,0
21917,0
11323,0
13388,0
8278,0
14259,0
26403,0
22212,0
2984,0
3741,0
1215,0
9128,0
12284,0
22208,1
26453,0
2464,0
10678,0
20385,0
6060,0
27765,1
10267,0
21664,0
26955,0
22576,0
12068,0
19320,0
13587,0
17655,0
14320,0
7701,0
3147,0
26242,0
13636,0
17085,0
14360,1
10697,0
28717,0
27048,1
12990,1
10950,0
17755,0
15175,0
26988,0
26219,0
15355,0
18658,1
26886,0
24213,0
26786,0
4032,0
623,1
16480,0
26843,1
862,0
18587,1
5902,0
3530,0
900,1
7726,0
22009,0
13738,0
3619,0
27252,0
12634,0
5649,0
29860,0
28559,0
19129,0
1538,0
27248,0
8656,0
4357,0
18983,0
29741,0
23782,1
27199,0
29086,0
8596,0
3627,0
5043,1
12706,0
15364,0
14706,0
12407,0
23000,1
21415,0
26954,0
28627,0
25545,1
23145,0
26131,0
14249,1
19198,0
19274,0
23429,0
12739,0
1317,0
15478,1
6568,0
8276,1
16598,1
23875,0
18771,0
20889,0
19684,0
18751,0
29028,0
16793,0
14245,0
7086,0
10322,0
18372,0
24003,0
12609,1
17735,1
16227,1
26897,0
15693,0
10988,0
28410,0
11721,0
14917,0
7403,1
28300,0
13315,0
26553,0
8465,0
14358,0
1790,0
11025,1
9503,0
28460,0
17382,1
11574,0
1156,0
16597,0
5219,0
12692,0
4630,0
12219,0
24395,0
15072,0
1224,1
5483,0
5997,0
29178,1
15349,1
2729,0
22421,0
19064,1
29739,0
2641,1
16306,0
15329,0
17064,0
22673,1
23212,0
5491,1
15866,0
25973,1
12404,0
5559,0
20015,0
10197,0
20034,0
20564,0
19854,1
27429,0
25731,0
18040,1
22541,0
14307,0
330,0
6834,0
1970,0
9478,0
26129,1
56,0
23329,1
28956,1
15771,0
9359,0
11492,0
24644,0
4158,1
4907,0
28060,0
9731,0
1293,1
23648,0
9382,0
7715,0
12450,0
12798,1
16718,1
8928,0
2511,1
26256,1
16179,0
5494,0
735,0
17541,0
18799,0
1015,0
2466,1
11795,0
11211,0
14172,0
10275,1
18769,0
16057,0
15504,0
3347,0
12708,1
3600,0
29843,0
3132,1
19303,0
24192,0
9165,0
9252,0
28331,0
25342,0
11585,0
5533,1
4215,0
26497,0
7489,0
9621,0
8918,0
24858,1
26932,0
26300,0
7981,0
11633,0
15392,0
24869,0
4284,1
13238,0
4612,0
11190,0
19829,0
20106,0
5477,1
23482,0
29715,0
26002,0
11775,0
26981,0
22851,0
11435,0
9273,1
5241,0
8079,0
13101,0
27756,1
7261,0
25783,0
25444,0
10537,0
17067,1
9061,0
16425,1
14662,1
28201,0
15421,0
26171,0
25857,0
1088,0
15446,0
1871,0
18050,0
25193,0
4793,1
19655,0
25988,1
27092,0
19519,1
12256,0
3109,1
687,0
17840,1
7020,1
25025,0
678,1
18403,0
26436,0
23321,1
25921,0
3318,0
541,0
13574,0
14534,1
8268,1
28992,0
14621,0
23024,0
8405,0
28308,0
28993,1
14488,0
34,1
22372,0
18811,0
7991,0
9589,0
12379,0
12025,0
15820,0
17223,0
28890,0
10730,0
17760,0
3269,0
8485,1
8460,0
20995,0
28913,0
23156,1
24239,1
12512,1
5960,0
5478,0
1668,0
12713,0
24749,0
13437,1
28589,0
25739,0
20390,1
10657,1
22984,0
14426,0
7711,0
3760,0
22707,0
24359,1
6513,0
24558,0
7512,1
6027,0
26149,1
8909,0
12300,0
18739,0
3398,0
15518,0
2185,0
27548,0
27516,0
10444,0
25962,1
17367,0
10440,0
21028,0
10807,0
11626,0
20915,0
3031,0
6199,0
7322,0
15823,0
14574,0
13982,0
9099,0
10146,1
8480,1
7389,0
25117,0
353,0
26192,0
25964,0
1770,0
19989,0
13538,0
18649,0
24526,1
15775,1
24889,0
26260,1
21208,0
13761,0
18099,0
24123,0
24855,0
4205,0
15897,0
9030,0
4640,0
12630,1
25238,1
14854,0
7384,1
19506,0
25936,0
13005,0
24694,0
28355,0
10391,0
5765,0
18282,0
16051,0
4869,0
26666,0
15806,0
19455,0
29740,0
3018,1
18923,0
5862,0
18188,0
11900,0
8421,0
28433,0
24835,1
29928,0
20127,0
2096,1
7097,1
